-- phpMyAdmin SQL Dump
-- version 4.6.2
-- https://www.phpmyadmin.net/
--
-- Host: 127.0.0.1
-- Generation Time: 2018-04-11 02:35:17
-- 服务器版本： 5.7.15
-- PHP Version: 7.0.14

SET SQL_MODE = "NO_AUTO_VALUE_ON_ZERO";
SET time_zone = "+00:00";



--
-- Database: `eacoophp`
--

-- --------------------------------------------------------

--
-- 表的结构 `eacoo_action`
--

CREATE TABLE `eacoo_action` (
  `id` int(11) UNSIGNED NOT NULL COMMENT '主键',
  `name` varchar(30) NOT NULL COMMENT '行为唯一标识（组合控制器名+操作名）',
  `depend_type` tinyint(1) UNSIGNED NOT NULL DEFAULT '0' COMMENT '来源类型。0系统,1module，2plugin，3theme',
  `depend_flag` varchar(16) NOT NULL DEFAULT '' COMMENT '所属模块名',
  `title` varchar(80) NOT NULL DEFAULT '' COMMENT '行为说明',
  `remark` varchar(140) NOT NULL DEFAULT '' COMMENT '行为描述',
  `rule` varchar(255) NOT NULL DEFAULT '' COMMENT '行为规则',
  `log` varchar(255) NOT NULL DEFAULT '' COMMENT '日志规则',
  `action_type` tinyint(1) UNSIGNED NOT NULL DEFAULT '1' COMMENT '执行类型。1自定义操作，2记录操作',
  `create_time` int(10) UNSIGNED NOT NULL COMMENT '创建时间',
  `update_time` int(10) UNSIGNED NOT NULL DEFAULT '0' COMMENT '修改时间',
  `status` tinyint(1) NOT NULL DEFAULT '1' COMMENT '状态。0禁用，1启用'
) ENGINE=InnoDB DEFAULT CHARSET=utf8 COMMENT='系统行为表' ROW_FORMAT=DYNAMIC;

--
-- 转存表中的数据 `eacoo_action`
--

INSERT INTO `eacoo_action` (`id`, `name`, `depend_type`, `depend_flag`, `title`, `remark`, `rule`, `log`, `action_type`, `create_time`, `update_time`, `status`) VALUES
(1, 'index_login', 1, 'admin', '登录后台', '用户登录后台', '', '[user|get_nickname]在[time|time_format]登录了后台', 1, 1383285551, 1383285551, 1),
(2, 'update_config', 1, 'admin', '更新配置', '新增或修改或删除配置', '', '', 2, 1383294988, 1383294988, 1),
(3, 'update_channel', 1, 'admin', '更新导航', '新增或修改或删除导航', '', '', 2, 1383296301, 1383296301, 1),
(4, 'update_category', 1, 'admin', '更新分类', '新增或修改或删除分类', '', '', 2, 1383296765, 1383296765, 1),
(5, 'database_export', 1, 'admin', '数据库备份', '后台进行数据库备份操作', '', '', 1, 0, 0, 1),
(6, 'database_optimize', 1, 'admin', '数据表优化', '数据库管理-》数据表优化', '', '', 1, 0, 0, 1),
(7, 'database_repair', 1, 'admin', '数据表修复', '数据库管理-》数据表修复', '', '', 1, 0, 0, 1),
(8, 'database_delbackup', 1, 'admin', '备份文件删除', '数据库管理-》备份文件删除', '', '', 1, 0, 0, 1),
(9, 'database_import', 1, 'admin', '数据库完成', '数据库管理-》数据还原', '', '', 1, 0, 0, 1),
(10, 'delete_actionlog', 1, 'admin', '删除行为日志', '后台删除用户行为日志', '', '', 1, 0, 0, 1),
(11, 'user_register', 1, 'admin', '注册', '', '', '', 1, 1506262430, 1506262430, 1),
(12, 'action_add', 1, 'admin', '添加行为', '', '', '', 1, 0, 0, 1),
(13, 'action_edit', 1, 'admin', '编辑用户行为', '', '', '', 1, 0, 0, 1),
(14, 'action_dellog', 1, 'admin', '清空日志', '清空所有行为日志', '', '', 1, 0, 1518006312, 1),
(15, 'setstatus', 1, 'admin', '改变数据状态', '通过列表改变了数据的status状态值', '', '', 1, 0, 1518004873, 1),
(16, 'modules_delapp', 1, 'admin', '删除模块', '删除整个模块的时候记录', '', '', 2, 1520222797, 1520225057, 1);

-- --------------------------------------------------------

--
-- 表的结构 `eacoo_action_log`
--

CREATE TABLE `eacoo_action_log` (
  `id` int(11) UNSIGNED NOT NULL COMMENT '主键',
  `action_id` int(10) UNSIGNED NOT NULL COMMENT '行为ID',
  `uid` int(11) UNSIGNED NOT NULL DEFAULT '0' COMMENT '执行用户id',
  `nickname` varchar(60) NOT NULL DEFAULT '' COMMENT '用户名',
  `request_method` varchar(20) NOT NULL DEFAULT '' COMMENT '请求类型',
  `url` varchar(120) NOT NULL DEFAULT '' COMMENT '操作页面',
  `data` varchar(300) NOT NULL DEFAULT '0' COMMENT '相关数据,json格式',
  `ip` varchar(18) NOT NULL COMMENT 'IP',
  `remark` varchar(255) NOT NULL DEFAULT '' COMMENT '日志备注',
  `user_agent` varchar(360) NOT NULL DEFAULT '' COMMENT 'User-Agent',
  `create_time` int(10) UNSIGNED NOT NULL DEFAULT '0' COMMENT '操作时间'
) ENGINE=InnoDB DEFAULT CHARSET=utf8 COMMENT='行为日志表' ROW_FORMAT=DYNAMIC;

-- --------------------------------------------------------

--
-- 表的结构 `eacoo_attachment`
--

CREATE TABLE `eacoo_attachment` (
  `id` int(11) UNSIGNED NOT NULL COMMENT 'ID',
  `uid` int(11) UNSIGNED NOT NULL DEFAULT '0' COMMENT 'UID',
  `name` varchar(255) NOT NULL DEFAULT '' COMMENT '文件名',
  `path` varchar(255) NOT NULL DEFAULT '' COMMENT '文件路径',
  `url` varchar(255) NOT NULL DEFAULT '' COMMENT '文件链接（暂时无用）',
  `location` varchar(15) NOT NULL DEFAULT '' COMMENT '文件存储位置(或驱动)',
  `path_type` varchar(20) DEFAULT 'picture' COMMENT '路径类型，存储在uploads的哪个目录中',
  `ext` char(4) NOT NULL DEFAULT '' COMMENT '文件类型',
  `mime_type` varchar(60) NOT NULL DEFAULT '' COMMENT '文件mime类型',
  `size` int(11) UNSIGNED NOT NULL DEFAULT '0' COMMENT '文件大小',
  `alt` varchar(255) DEFAULT NULL COMMENT '替代文本图像alt',
  `md5` char(32) NOT NULL DEFAULT '' COMMENT '文件md5',
  `sha1` char(40) NOT NULL DEFAULT '' COMMENT '文件sha1编码',
  `download` int(11) UNSIGNED NOT NULL DEFAULT '0' COMMENT '下载次数',
  `create_time` int(11) UNSIGNED NOT NULL DEFAULT '0' COMMENT '上传时间',
  `update_time` int(11) UNSIGNED NOT NULL DEFAULT '0' COMMENT '修改时间',
  `sort` mediumint(8) UNSIGNED NOT NULL DEFAULT '99' COMMENT '排序',
  `status` tinyint(1) NOT NULL DEFAULT '1' COMMENT '状态'
) ENGINE=InnoDB DEFAULT CHARSET=utf8 COMMENT='附件表';

--
-- 转存表中的数据 `eacoo_attachment`
--

INSERT INTO `eacoo_attachment` (`id`, `uid`, `name`, `path`, `url`, `location`, `path_type`, `ext`, `mime_type`, `size`, `alt`, `md5`, `sha1`, `download`, `create_time`, `update_time`, `sort`, `status`) VALUES
(1, 1, 'preg_match_imgs.jpeg', '/uploads/Editor/Picture/2016-06-12/575d4bd8d0351.jpeg', '', 'local', 'editor', 'jpeg', '', 19513, '', '4cf157e42b44c95d579ee39b0a1a48a4', 'dee76e7b39f1afaad14c1e03cfac5f6031c3c511', 0, 1465732056, 1465732056, 99, 1),
(2, 1, 'gerxiangimg200x200.jpg', '/uploads/Editor/Picture/2016-06-12/575d4bfb09961.jpg', '', 'local', 'editor', 'jpg', '', 5291, 'gerxiangimg200x200', '4db879c357c4ab80c77fce8055a0785f', '480eb2e097397856b99b373214fb28c2f717dacf', 0, 1465732090, 1465732090, 99, 1),
(3, 1, 'oraclmysqlzjfblhere.jpg', '/uploads/Editor/Picture/2016-06-12/575d4c691e976.jpg', '', 'local', 'editor', 'jpg', '', 23866, 'mysql', '5a3a5a781a6d9b5f0089f6058572f850', 'a17bfe395b29ba06ae5784486bcf288b3b0adfdb', 0, 1465732201, 1465732201, 99, 1),
(4, 1, 'logo.png', '/logo.png', '', 'local', 'picture', 'jpg', '', 40000, 'eacoophp-logo', '', '', 0, 1465732201, 1465732201, 99, 1),
(6, 1, '功能表格', '/uploads/file/2016-07-13/5785daaa2f2e6.xlsx', '', 'local', 'file', 'xlsx', '', 11399, NULL, '5fd89f172ca8a95fa13b55ccb24d5971', 'b8706af3fa59ef0fc65675e40131f25e12f94664', 0, 1468390058, 1468390058, 99, 1),
(8, 1, '会员数据2016-06-30 18_44_14', '/uploads/file/2016-07-13/5785dce2e15c1.xls', '', 'local', 'file', 'xls', '', 173387, NULL, '9ff55acddd75366d20dcb931eb1d87ea', 'acf5daf769e6ba06854002104bfb8c2886da97af', 0, 1468390626, 1468390626, 99, 1),
(10, 1, '苹果短信-三全音 - 铃声', '/uploads/file/2016-07-27/579857b5aca95.mp3', '', 'local', 'file', 'mp3', '', 19916, NULL, 'bab00edb8d6a5cf4de5444a2e5c05009', '73cda0fb4f947dcb496153d8b896478af1247935', 0, 1469601717, 1469601717, 99, 1),
(12, 1, 'music', '/uploads/file/2016-07-28/57995fe9bf0da.mp3', '', 'local', 'file', 'mp3', '', 160545, NULL, '935cd1b8950f1fdcd23d47cf791831cf', '73c318221faa081544db321bb555148f04b61f00', 0, 1469669353, 1469669353, 99, 1),
(13, 1, '7751775467283337', '/uploads/picture/2016-09-26/57e8dc9d29b01.jpg', '', 'local', 'picture', 'jpg', '', 70875, NULL, '3e3bfc950aa0b6ebb56654c15fe8e392', 'c75e70753eaf36aaee10efb3682fdbd8f766d32d', 0, 1474878621, 1474878621, 99, 1),
(14, 1, '4366486814073822', '/uploads/picture/2016-09-26/57e8ddebaafff.jpg', '', 'local', 'picture', 'jpg', '', 302678, NULL, 'baf2dc5ea7b80a6d73b20a2c762aec1e', 'd73fe63f5c179135b2c2e7f174d6df36e05ab3d8', 0, 1474878955, 1474878955, 99, 1),
(15, 1, 'wx1image_14751583274385', '/uploads/picture/2016-09-29/wx1image_14751583274385.jpg', '', 'local', 'picture', 'jpg', '', 311261, NULL, '', '', 0, 1475158327, 1475158327, 99, 1),
(17, 1, 'wx1image_14751583287356', '/uploads/picture/2016-09-29/wx1image_14751583287356.jpg', '', 'local', 'picture', 'jpg', '', 43346, NULL, '', '', 0, 1475158328, 1475158328, 99, 1),
(18, 1, 'wx1image_14751583293547', '/uploads/picture/2016-09-29/wx1image_14751583293547.jpg', '', 'local', 'picture', 'jpg', '', 150688, NULL, '', '', 0, 1475158329, 1475158329, 99, 1),
(19, 1, 'wx1image_14751583298683', '/uploads/picture/2016-09-29/wx1image_14751583298683.jpg', '', 'local', 'picture', 'jpg', '', 79626, NULL, '', '', 0, 1475158329, 1475158329, 99, 1),
(20, 1, 'wx1image_14751583294128', '/uploads/picture/2016-09-29/wx1image_14751583294128.jpg', '', 'local', 'picture', 'jpg', '', 61008, NULL, '', '', 0, 1475158329, 1475158329, 99, 1),
(21, 1, 'wx1image_14751583302886', '/uploads/picture/2016-09-29/wx1image_14751583302886.jpg', '', 'local', 'picture', 'jpg', '', 20849, NULL, '', '', 0, 1475158330, 1475158330, 99, 1),
(22, 1, 'wx1image_1475158330831', '/uploads/picture/2016-09-29/wx1image_1475158330831.jpg', '', 'local', 'picture', 'jpg', '', 56265, NULL, '', '', 0, 1475158330, 1475158330, 99, 1),
(23, 1, 'wx1image_1475158330180', '/uploads/picture/2016-09-29/wx1image_1475158330180.jpg', '', 'local', 'picture', 'jpg', '', 121610, NULL, '', '', 0, 1475158330, 1475158330, 99, 1),
(24, 1, 'wx1image_14751583318180', '/uploads/picture/2016-09-29/wx1image_14751583318180.jpg', '', 'local', 'picture', 'jpg', '', 35555, NULL, '', '', 0, 1475158331, 1475158331, 99, 1),
(25, 1, 'wx1image_1475158332231', '/uploads/picture/2016-09-29/wx1image_1475158332231.jpg', '', 'local', 'picture', 'jpg', '', 32095, NULL, '', '', 0, 1475158332, 1475158332, 99, 1),
(26, 1, 'wx1image_14751583325255', '/uploads/picture/2016-09-29/wx1image_14751583325255.jpg', '', 'local', 'picture', 'jpg', '', 70088, NULL, '', '', 0, 1475158332, 1475158332, 99, 1),
(27, 1, 'wx1image_14751583331037', '/uploads/picture/2016-09-29/wx1image_14751583331037.jpg', '', 'local', 'picture', 'jpg', '', 37085, NULL, '', '', 0, 1475158333, 1475158333, 99, 1),
(28, 1, 'wx1image_14751583343169', '/uploads/picture/2016-09-29/wx1image_14751583343169.jpg', '', 'local', 'picture', 'jpg', '', 65279, NULL, '', '', 0, 1475158334, 1475158334, 99, 1),
(29, 1, 'wx1image_14751583344810', '/uploads/picture/2016-09-29/wx1image_14751583344810.jpg', '', 'local', 'picture', 'jpg', '', 83936, NULL, '', '', 0, 1475158334, 1475158334, 99, 1),
(30, 1, 'wx1image_14751583356369', '/uploads/picture/2016-09-29/wx1image_14751583356369.jpg', '', 'local', 'picture', 'jpg', '', 20032, NULL, '', '', 0, 1475158335, 1475158335, 99, 1),
(31, 1, 'wx1image_14751583359328', '/uploads/picture/2016-09-29/wx1image_14751583359328.jpg', '', 'local', 'picture', 'jpg', '', 53984, NULL, '', '', 0, 1475158335, 1475158335, 99, 1),
(32, 1, 'wx1image_1475158335689', '/uploads/picture/2016-09-29/wx1image_1475158335689.jpg', '', 'local', 'picture', 'jpg', '', 50399, NULL, '', '', 0, 1475158335, 1475158335, 99, 1),
(33, 1, 'wx1image_14751583361694', '/uploads/picture/2016-09-29/wx1image_14751583361694.jpg', '', 'local', 'picture', 'jpg', '', 128125, NULL, '', '', 0, 1475158336, 1475158336, 99, 1),
(34, 1, 'wx1image_14751583371210', '/uploads/picture/2016-09-29/wx1image_14751583371210.jpg', '', 'local', 'picture', 'jpg', '', 35090, NULL, '', '', 0, 1475158337, 1475158337, 99, 1),
(36, 1, 'wx1image_14751583393940', '/uploads/picture/2016-09-29/wx1image_14751583393940.jpg', '', 'local', 'picture', 'jpg', '', 74827, NULL, '', '', 0, 1475158339, 1475158339, 99, 1),
(38, 1, 'wx1image_14751587991531', '/uploads/picture/2016-09-29/wx1image_14751587991531.jpg', '', 'local', 'picture', 'jpg', '', 154175, NULL, '', '', 0, 1475158799, 1475158799, 99, 1),
(39, 1, 'wx1image_14751587997094.png', '/uploads/picture/2016-09-29/wx1image_14751587997094.png', '', 'local', 'picture', 'jpg', '', 26583, NULL, '', '', 0, 1475158799, 1475158799, 99, 1),
(40, 1, 'wx1image_14751587995130', '/uploads/picture/2016-09-29/wx1image_14751587995130.jpg', '', 'local', 'picture', 'jpg', '', 23625, NULL, '', '', 0, 1475158799, 1475158799, 99, 1),
(41, 1, 'wx1image_14751587995676', '/uploads/picture/2016-09-29/wx1image_14751587995676.jpg', '', 'local', 'picture', 'jpg', '', 67232, NULL, '', '', 0, 1475158799, 1475158799, 99, 1),
(43, 1, 'wx1image_14751588004786', '/uploads/picture/2016-09-29/wx1image_14751588004786.jpg', '', 'local', 'picture', 'jpg', '', 26779, NULL, '', '', 0, 1475158800, 1475158800, 99, 1),
(44, 1, 'wx1image_14751588009825', '/uploads/picture/2016-09-29/wx1image_14751588009825.jpg', '', 'local', 'picture', 'jpg', '', 7546, NULL, '', '', 0, 1475158800, 1475158800, 99, 1),
(45, 1, 'wx1image_1475158800631', '/uploads/picture/2016-09-29/wx1image_1475158800631.jpg', '', 'local', 'picture', 'jpg', '', 10713, NULL, '', '', 0, 1475158800, 1475158800, 99, 1),
(46, 1, 'wx1image_14751588008193', '/uploads/picture/2016-09-29/wx1image_14751588008193.jpg', '', 'local', 'picture', 'jpg', '', 94825, NULL, '', '', 0, 1475158800, 1475158800, 99, 1),
(47, 1, 'wx1image_14751588004666', '/uploads/picture/2016-09-29/wx1image_14751588004666.jpg', '', 'local', 'picture', 'jpg', '', 39592, NULL, '', '', 0, 1475158800, 1475158800, 99, 1),
(48, 1, 'wx1image_14751588008768.png', '/uploads/picture/2016-09-29/wx1image_14751588008768.png', '', 'local', 'picture', 'jpg', '', 50732, NULL, '', '', 0, 1475158800, 1475158800, 99, 1),
(49, 1, 'wx1image_1475158800354.png', '/uploads/picture/2016-09-29/wx1image_1475158800354.png', '', 'local', 'picture', 'jpg', '', 21937, NULL, '', '', 0, 1475158800, 1475158800, 99, 1),
(50, 1, 'wx1image_1475158801542.png', '/uploads/picture/2016-09-29/wx1image_1475158801542.png', '', 'local', 'picture', 'jpg', '', 19383, NULL, '', '', 0, 1475158801, 1475158801, 99, 1),
(51, 1, 'wx1image_14751588012312.png', '/uploads/picture/2016-09-29/wx1image_14751588012312.png', '', 'local', 'picture', 'jpg', '', 45798, NULL, '', '', 0, 1475158801, 1475158801, 99, 1),
(52, 1, 'wx1image_14751588058806', '/uploads/picture/2016-09-29/wx1image_14751588058806.jpg', '', 'local', 'picture', 'jpg', '', 24855, NULL, '', '', 0, 1475158805, 1475158805, 99, 1),
(53, 1, 'wx1image_14751588067284', '/uploads/picture/2016-09-29/wx1image_14751588067284.jpg', '', 'local', 'picture', 'jpg', '', 14851, NULL, '', '', 0, 1475158806, 1475158806, 99, 1),
(54, 1, 'wx1image_14751588091783.png', '/uploads/picture/2016-09-29/wx1image_14751588091783.png', '', 'local', 'picture', 'jpg', '', 68781, NULL, '', '', 0, 1475158809, 1475158809, 99, 1),
(55, 1, 'wx1image_14751588108673.png', '/uploads/picture/2016-09-29/wx1image_14751588108673.png', '', 'local', 'picture', 'jpg', '', 13649, NULL, '', '', 0, 1475158810, 1475158810, 99, 1),
(56, 1, 'wx1image_14751588114626.png', '/uploads/picture/2016-09-29/wx1image_14751588114626.png', '', 'local', 'picture', 'jpg', '', 10724, NULL, '', '', 0, 1475158811, 1475158811, 99, 1),
(57, 1, 'wx1image_14751588116216.png', '/uploads/picture/2016-09-29/wx1image_14751588116216.png', '', 'local', 'picture', 'jpg', '', 18955, NULL, '', '', 0, 1475158811, 1475158811, 99, 1),
(58, 1, 'wx1image_14751588117971', '/uploads/picture/2016-09-29/wx1image_14751588117971.jpg', '', 'local', 'picture', 'jpg', '', 34171, NULL, '', '', 0, 1475158811, 1475158811, 99, 1),
(59, 1, 'wx1image_14751588113400', '/uploads/picture/2016-09-29/wx1image_14751588113400.jpg', '', 'local', 'picture', 'jpg', '', 16445, NULL, '', '', 0, 1475158811, 1475158811, 99, 1),
(60, 1, 'wx1image_14751588113547', '/uploads/picture/2016-09-29/wx1image_14751588113547.jpg', '', 'local', 'picture', 'jpg', '', 7062, NULL, '', '', 0, 1475158811, 1475158811, 99, 1),
(61, 1, 'wx1image_14751588111003', '/uploads/picture/2016-09-29/wx1image_14751588111003.jpg', '', 'local', 'picture', 'jpg', '', 7982, NULL, '', '', 0, 1475158811, 1475158811, 99, 1),
(62, 1, 'wx1image_14751588185564.png', '/uploads/picture/2016-09-29/wx1image_14751588185564.png', '', 'local', 'picture', 'jpg', '', 163203, NULL, '', '', 0, 1475158818, 1475158818, 99, 1),
(63, 1, 'wx1image_14751588213497.png', '/uploads/picture/2016-09-29/wx1image_14751588213497.png', '', 'local', 'picture', 'jpg', '', 14153, NULL, '', '', 0, 1475158821, 1475158821, 99, 1),
(64, 1, 'wx1image_14751588212612.png', '/uploads/picture/2016-09-29/wx1image_14751588212612.png', '', 'local', 'picture', 'jpg', '', 15962, NULL, '', '', 0, 1475158821, 1475158821, 99, 1),
(65, 1, 'wx1image_14751588215121.png', '/uploads/picture/2016-09-29/wx1image_14751588215121.png', '', 'local', 'picture', 'jpg', '', 22820, NULL, '', '', 0, 1475158821, 1475158821, 99, 1),
(67, 1, 'wx1image_14751588223870', '/uploads/picture/2016-09-29/wx1image_14751588223870.jpg', '', 'local', 'picture', 'jpg', '', 31690, NULL, '', '', 0, 1475158822, 1475158822, 99, 1),
(68, 1, 'wx1image_14751588235543.png', '/uploads/picture/2016-09-29/wx1image_14751588235543.png', '', 'local', 'picture', 'jpg', '', 32383, NULL, '', '', 0, 1475158823, 1475158823, 99, 1),
(69, 1, 'wx1image_14751588233114.png', '/uploads/picture/2016-09-29/wx1image_14751588233114.png', '', 'local', 'picture', 'jpg', '', 16871, NULL, '', '', 0, 1475158823, 1475158823, 99, 1),
(70, 1, 'wx1image_14751588247501.png', '/uploads/picture/2016-09-29/wx1image_14751588247501.png', '', 'local', 'picture', 'jpg', '', 48306, '', '', '', 0, 1475158824, 1475158824, 99, 1),
(73, 1, 'wx1image_1475158835506', '/uploads/picture/2016-09-29/wx1image_1475158835506.jpg', '', 'local', 'picture', 'jpg', '', 12805, NULL, '', '', 0, 1475158835, 1475158835, 99, 1),
(74, 1, 'wx1image_14751588359605.png', '/uploads/picture/2016-09-29/wx1image_14751588359605.png', '', 'local', 'picture', 'jpg', '', 42306, NULL, '', '', 0, 1475158835, 1475158835, 99, 1),
(75, 1, 'wx1image_14751588351768.png', '/uploads/picture/2016-09-29/wx1image_14751588351768.png', '', 'local', 'picture', 'jpg', '', 13828, NULL, '', '', 0, 1475158835, 1475158835, 99, 1),
(76, 1, 'wx1image_14751588383783.png', '/uploads/picture/2016-09-29/wx1image_14751588383783.png', '', 'local', 'picture', 'jpg', '', 39390, NULL, '', '', 0, 1475158838, 1475158838, 99, 1),
(78, 1, 'wx1image_14751588393130.png', '/uploads/picture/2016-09-29/wx1image_14751588393130.png', '', 'local', 'picture', 'jpg', '', 10686, NULL, '', '', 0, 1475158839, 1475158839, 99, 1),
(79, 1, 'wx1image_1475158843730.png', '/uploads/picture/2016-09-29/wx1image_1475158843730.png', '', 'local', 'picture', 'jpg', '', 77934, NULL, '', '', 0, 1475158843, 1475158843, 99, 1),
(80, 1, 'wx1image_14751588431771.png', '/uploads/picture/2016-09-29/wx1image_14751588431771.png', '', 'local', 'picture', 'jpg', '', 38682, NULL, '', '', 0, 1475158843, 1475158843, 99, 1),
(81, 1, 'wx1image_14751588432055.png', '/uploads/picture/2016-09-29/wx1image_14751588432055.png', '', 'local', 'picture', 'jpg', '', 54928, NULL, '', '', 0, 1475158843, 1475158843, 99, 1),
(82, 1, 'wx1image_14751588441630.png', '/uploads/picture/2016-09-29/wx1image_14751588441630.png', '', 'local', 'picture', 'jpg', '', 22413, NULL, '', '', 0, 1475158844, 1475158844, 99, 1),
(83, 1, 'wx1image_14751588456818.png', '/uploads/picture/2016-09-29/wx1image_14751588456818.png', '', 'local', 'picture', 'jpg', '', 12567, NULL, '', '', 0, 1475158845, 1475158845, 99, 1),
(84, 1, 'wx1image_14751588548752.png', '/uploads/picture/2016-09-29/wx1image_14751588548752.png', '', 'local', 'picture', 'jpg', '', 86619, NULL, '', '', 0, 1475158854, 1475158854, 99, 1),
(85, 1, 'wx1image_14751588549711', '/uploads/picture/2016-09-29/wx1image_14751588549711.jpg', '', 'local', 'picture', 'jpg', '', 11863, NULL, '', '', 0, 1475158854, 1475158854, 99, 1),
(87, 1, 'wx1image_14751588668519', '/uploads/picture/2016-09-29/wx1image_14751588668519.jpg', '', 'local', 'picture', 'jpg', '', 27712, NULL, '', '', 0, 1475158866, 1475158866, 99, 1),
(88, 1, 'wx1image_14751588684053', '/uploads/picture/2016-09-29/wx1image_14751588684053.jpg', '', 'local', 'picture', 'jpg', '', 101186, NULL, '', '', 0, 1475158868, 1475158868, 99, 1),
(89, 1, 'wx1image_14751588703441', '/uploads/picture/2016-09-29/wx1image_14751588703441.jpg', '', 'local', 'picture', 'jpg', '', 155125, NULL, '', '', 0, 1475158870, 1475158870, 99, 1),
(90, 1, 'wx1image_14751588708117', '/uploads/picture/2016-09-29/wx1image_14751588708117.jpg', '', 'local', 'picture', 'jpg', '', 24226, NULL, '', '', 0, 1475158870, 1475158870, 99, 1),
(91, 1, 'meinv_admin_avatar', '/uploads/picture/2016-09-30/57edd952ba0e0.jpg', '', 'local', 'picture', 'jpg', '', 7006, NULL, '89b678fa35106c7a0f7579cb8426bd7a', '7d10ddb80359255e58c04bd30412b00bba6938a5', 0, 1475205458, 1475205458, 99, 1),
(92, 1, '57e0a9c03a61b', '/uploads/picture/2016-10-03/57f2076c4e997.jpg', '', 'local', 'picture', 'jpg', '', 110032, '', 'e3694c361707487802476e81709c863f', 'd5381f24235ee72d9fd8dfe2bb2e3d128217c8ce', 0, 1475479404, 1475479404, 99, 1),
(93, 1, '9812496129086622', '/uploads/picture/2016-10-06/57f6136b5bd4e.jpg', '', 'local', 'picture', 'jpg', '', 164177, '9812496129086622', '983944832c987b160ae409f71acc7933', 'bce6147f4070989fc0349798acf6383938e5563a', 0, 1475744619, 1475744619, 99, 1),
(94, 1, 'eacoophp-watermark-banner-1', 'http://cdn.eacoo123.com/static/demo-eacoophp/eacoophp-watermark-banner-1.jpg', 'http://cdn.eacoo123.com/static/demo-eacoophp/eacoophp-watermark-banner-1.jpg', 'link', 'picture', 'jpg', 'image', 171045, 'eacoophp-watermark-banner-1', '', '', 0, 1506215777, 1506215777, 99, 1),
(95, 1, 'eacoophp-banner-3', 'http://cdn.eacoo123.com/static/demo-eacoophp/eacoophp-banner-3.jpg', 'http://cdn.eacoo123.com/static/demo-eacoophp/eacoophp-banner-3.jpg', 'link', 'picture', 'jpg', 'image', 356040, 'eacoophp-banner-3', '', '', 0, 1506215801, 1506215801, 99, 1),
(96, 1, 'eacoophp-watermark-banner-2', 'http://cdn.eacoo123.com/static/demo-eacoophp/eacoophp-watermark-banner-2.jpg', 'http://cdn.eacoo123.com/static/demo-eacoophp/eacoophp-watermark-banner-2.jpg', 'link', 'picture', 'jpg', 'image', 356040, 'eacoophp-watermark-banner-2', '', '', 0, 1506215801, 1506215801, 99, 1);

-- --------------------------------------------------------

--
-- 表的结构 `eacoo_auth_group`
--

CREATE TABLE `eacoo_auth_group` (
  `id` mediumint(8) UNSIGNED NOT NULL,
  `title` char(100) NOT NULL DEFAULT '' COMMENT '用户组中文名称',
  `description` varchar(80) DEFAULT NULL COMMENT '描述信息',
  `rules` varchar(160) NOT NULL DEFAULT '',
  `status` tinyint(1) NOT NULL DEFAULT '1' COMMENT '状态。1启用，0禁用'
) ENGINE=InnoDB DEFAULT CHARSET=utf8 COMMENT='用户组表';

--
-- 转存表中的数据 `eacoo_auth_group`
--

INSERT INTO `eacoo_auth_group` (`id`, `title`, `description`, `rules`, `status`) VALUES
(1, '超级管理员', '拥有网站的最高权限', '1,2,6,18,9,12,17,19,25,26,3,7,21,43,44,4,37,38,39,40,41,42,5,22,23,30,24,10,11,13,14,20,32,33,15,8,16,27,28,29', 1),
(2, '管理员', '授权管理员', '1,6,18,12,19,26,3,7,21,44,4,37,38,39,40,41,42,5,22,23,30,24,10,11,13,14,20,15,8,16,27,28,29', 1),
(3, '普通用户', '这是普通用户的权限', '1,3,8,10,11,94,95,96,97,98,99,41,42,43,44,38,39,40', 1),
(4, '客服', '客服处理订单发货', '1,27,28,29,7,4,52,53,54,55', 1);

-- --------------------------------------------------------

--
-- 表的结构 `eacoo_auth_group_access`
--

CREATE TABLE `eacoo_auth_group_access` (
  `uid` mediumint(8) UNSIGNED NOT NULL,
  `group_id` mediumint(8) UNSIGNED NOT NULL,
  `status` tinyint(1) NOT NULL DEFAULT '1' COMMENT '是否审核  2：未审核，1:启用，0：禁用，-1：删除'
) ENGINE=InnoDB DEFAULT CHARSET=utf8 COMMENT='用户组明细表';

--
-- 转存表中的数据 `eacoo_auth_group_access`
--

INSERT INTO `eacoo_auth_group_access` (`uid`, `group_id`, `status`) VALUES
(1, 1, 1),
(3, 3, 1),
(4, 3, 1),
(5, 3, 1),
(6, 3, 1),
(2, 1, 1),
(7, 2, 1),
(7, 3, 1),
(7, 4, 1),
(15, 2, 1),
(14, 3, 1),
(3, 4, 1),
(5, 4, 1),
(6, 4, 1);

-- --------------------------------------------------------

--
-- 表的结构 `eacoo_auth_rule`
--

CREATE TABLE `eacoo_auth_rule` (
  `id` smallint(6) NOT NULL,
  `name` char(80) NOT NULL DEFAULT '' COMMENT '导航链接',
  `title` char(20) NOT NULL DEFAULT '' COMMENT '导航名字',
  `depend_type` tinyint(1) UNSIGNED NOT NULL DEFAULT '0' COMMENT '来源类型。1module，2plugin，3theme',
  `depend_flag` varchar(30) NOT NULL DEFAULT '' COMMENT '来源标记。如：模块或插件标识',
  `type` tinyint(1) DEFAULT '1' COMMENT '是否支持规则表达式',
  `pid` smallint(6) UNSIGNED DEFAULT '0' COMMENT '上级id',
  `icon` varchar(50) DEFAULT '' COMMENT '图标',
  `condition` char(200) DEFAULT '',
  `is_menu` tinyint(1) NOT NULL DEFAULT '1' COMMENT '是否菜单',
  `position` varchar(20) DEFAULT 'left' COMMENT '菜单显示位置。left:左边，top:头部',
  `developer` tinyint(1) NOT NULL DEFAULT '0' COMMENT '开发者',
  `sort` smallint(6) UNSIGNED DEFAULT '99' COMMENT '排序，值越小越靠前',
  `update_time` int(10) UNSIGNED NOT NULL DEFAULT '0' COMMENT '更新时间',
  `create_time` int(10) UNSIGNED NOT NULL DEFAULT '0',
  `status` tinyint(1) NOT NULL DEFAULT '1' COMMENT '是否有效(0:无效,1:有效)'
) ENGINE=InnoDB DEFAULT CHARSET=utf8 COMMENT='规则表（后台菜单）';

--
-- 转存表中的数据 `eacoo_auth_rule`
--

INSERT INTO `eacoo_auth_rule` (`id`, `name`, `title`, `depend_type`, `depend_flag`, `type`, `pid`, `icon`, `condition`, `is_menu`, `position`, `developer`, `sort`, `update_time`, `create_time`, `status`) VALUES
(1, 'admin/dashboard/index', '仪表盘', 1, 'admin', 1, 0, 'fa fa-tachometer', NULL, 1, 'left', 0, 1, 1519827783, 1507798445, 1),
(2, 'admin', '系统设置', 1, 'admin', 1, 0, 'fa fa-cog', NULL, 1, 'left', 0, 2, 1507604200, 1518796830, 1),
(3, 'user/user/', '用户管理', 1, 'user', 1, 0, 'fa fa-users', NULL, 1, 'left', 0, 5, 1505816276, 1518796830, 1),
(4, 'admin/attachment/index', '附件空间', 1, 'admin', 1, 0, 'fa fa-picture-o', NULL, 1, 'left', 0, 7, 1505816276, 1518796830, 1),
(5, 'admin/extend/index', '应用中心', 1, 'admin', 1, 0, 'fa fa-cloud', NULL, 1, 'left', 0, 11, 1507798466, 1518796830, 1),
(6, 'admin/navigation/index', '前台导航菜单', 1, 'admin', 1, 2, 'fa fa-leaf', NULL, 1, 'left', 0, 6, 1516203955, 1518796830, 1),
(7, 'user/user/index', '用户列表', 1, 'user', 1, 3, 'fa fa-user', NULL, 1, 'left', 0, 1, 1517981332, 1518796830, 1),
(8, 'admin/auth/role', '角色组', 1, 'user', 1, 15, '', NULL, 1, 'left', 0, 1, 1506843587, 1518796830, 1),
(9, 'admin/menu/index', '后台菜单管理', 1, 'admin', 1, 2, 'fa fa-inbox', NULL, 1, 'left', 1, 11, 1517902690, 1518796830, 1),
(10, 'tools', '工具', 1, 'admin', 1, 0, 'fa fa-gavel', NULL, 1, 'left', 1, 9, 1505816276, 1518796830, 1),
(11, 'admin/database', '安全', 1, 'admin', 1, 10, 'fa fa-database', NULL, 0, 'left', 0, 12, 1505816276, 1518796830, 1),
(12, 'admin/attachment/setting', '设置', 1, 'admin', 1, 2, '', NULL, 0, 'left', 0, 0, 1505816276, 1518796830, 1),
(13, 'admin/link/index', '友情链接', 1, 'admin', 1, 10, '', NULL, 1, 'left', 0, 6, 1505816276, 1518796830, 1),
(14, 'admin/link/edit', '链接编辑', 1, 'admin', 1, 13, '', NULL, 0, 'left', 0, 1, 1519307879, 1518796830, 1),
(15, 'user/auth', '权限管理', 1, 'user', 1, 0, 'fa fa-sun-o', NULL, 1, 'left', 0, 4, 1505816276, 1518796830, 1),
(16, 'admin/auth/index', '规则管理', 1, 'admin', 1, 15, 'fa fa-500px', NULL, 1, 'left', 0, 2, 1520003985, 1518796830, 1),
(17, 'admin/config/edit', '配置编辑或添加', 1, 'admin', 1, 2, '', NULL, 0, 'left', 0, 6, 1505816276, 1518796830, 1),
(18, 'admin/navigation/edit', '导航编辑或添加', 1, 'admin', 1, 6, '', NULL, 0, 'left', 0, 1, 1505816276, 1518796830, 1),
(19, 'admin/config/website', '网站设置', 1, 'admin', 1, 2, '', NULL, 1, 'left', 0, 4, 1505816276, 1518796830, 1),
(20, 'admin/database/index', '数据库管理', 1, 'admin', 1, 10, 'fa fa-database', NULL, 1, 'left', 0, 13, 1505816276, 1518796830, 1),
(21, 'user/user/resetPassword', '修改密码', 1, 'user', 1, 3, '', '', 1, 'top', 0, 99, 1505816276, 1518796830, 1),
(22, 'admin/theme/index', '主题', 1, 'admin', 1, 5, 'fa fa-cloud', NULL, 1, 'left', 0, 3, 1518625223, 1518796830, 1),
(23, 'admin/plugins/index', '插件', 1, 'admin', 1, 5, 'fa fa-cloud', NULL, 1, 'left', 0, 2, 1518625198, 1518796830, 1),
(24, 'admin/modules/index', '模块', 1, 'admin', 1, 5, 'fa fa-cloud', NULL, 1, 'left', 0, 0, 1518625177, 1518796830, 1),
(25, 'admin/config/index', '配置管理', 1, 'admin', 1, 2, '', NULL, 1, 'left', 1, 15, 1505816276, 1518796830, 1),
(26, 'admin/config/group', '系统设置', 1, 'admin', 1, 2, '', NULL, 1, 'left', 0, 1, 1505816276, 1518796830, 1),
(27, 'admin/action', '系统安全', 1, 'admin', 1, 0, 'fa fa-list-alt', NULL, 1, 'left', 0, 3, 1518678277, 1518796830, 1),
(28, 'admin/action/index', '用户行为', 1, 'user', 1, 27, NULL, NULL, 1, 'left', 0, 1, 1505816276, 1518796830, 1),
(29, 'admin/action/log', '行为日志', 1, 'user', 1, 27, 'fa fa-address-book-o', NULL, 1, 'left', 0, 2, 1518680430, 1518796830, 1),
(30, 'admin/plugins/hooks', '钩子管理', 1, 'admin', 1, 23, '', NULL, 0, 'left', 1, 1, 1505816276, 1518796830, 1),
(32, 'admin/mailer/template', '邮件模板', 1, 'admin', 1, 10, NULL, NULL, 1, 'left', 0, 5, 1505816276, 1518796830, 1),
(37, 'admin/attachment/attachmentCategory', '附件分类', 1, 'admin', 1, 4, NULL, NULL, 0, 'left', 0, 1, 1505816276, 1518796830, 1),
(38, 'admin/attachment/upload', '文件上传', 1, 'admin', 1, 4, NULL, NULL, 0, 'left', 0, 1, 1505816276, 1518796830, 1),
(39, 'admin/attachment/uploadPicture', '上传图片', 1, 'admin', 1, 4, NULL, NULL, 0, 'left', 0, 1, 1505816276, 1518796830, 1),
(40, 'admin/attachment/upload_onlinefile', '添加外链附件', 1, 'admin', 1, 4, NULL, NULL, 0, 'left', 0, 1, 1505816276, 1518796830, 1),
(41, 'admin/attachment/attachmentInfo', '附件详情', 1, 'admin', 1, 4, NULL, NULL, 0, 'left', 0, 1, 1505816276, 1518796830, 1),
(42, 'admin/attachment/uploadAvatar', '上传头像', 1, 'admin', 1, 4, NULL, NULL, 0, 'left', 0, 1, 1505816276, 1518796830, 1),
(43, 'user/tags/index', '标签管理', 1, 'user', 1, 3, '', NULL, 1, 'left', 0, 2, 1505816276, 1518796830, 0),
(44, 'user/tongji/analyze', '会员统计', 1, 'user', 1, 3, '', NULL, 1, 'left', 0, 4, 1505816276, 1518796830, 1);

-- --------------------------------------------------------

--
-- 表的结构 `eacoo_config`
--

CREATE TABLE `eacoo_config` (
  `id` int(10) UNSIGNED NOT NULL COMMENT '配置ID',
  `name` varchar(100) NOT NULL DEFAULT '' COMMENT '配置名称',
  `title` varchar(50) NOT NULL COMMENT '配置说明',
  `value` text NOT NULL COMMENT '配置值',
  `options` varchar(255) NOT NULL COMMENT '配置额外值',
  `group` tinyint(3) UNSIGNED NOT NULL DEFAULT '0' COMMENT '配置分组',
  `sub_group` tinyint(3) DEFAULT '0' COMMENT '子分组，子分组需要自己定义',
  `type` varchar(16) NOT NULL DEFAULT '' COMMENT '配置类型',
  `remark` varchar(500) NOT NULL COMMENT '配置说明',
  `create_time` int(10) UNSIGNED NOT NULL DEFAULT '0' COMMENT '创建时间',
  `update_time` int(10) UNSIGNED NOT NULL DEFAULT '0' COMMENT '更新时间',
  `sort` tinyint(3) UNSIGNED NOT NULL DEFAULT '99' COMMENT '排序，值越小越靠前',
  `status` tinyint(1) NOT NULL DEFAULT '1' COMMENT '状态'
) ENGINE=InnoDB DEFAULT CHARSET=utf8 COMMENT='配置表';

--
-- 转存表中的数据 `eacoo_config`
--

INSERT INTO `eacoo_config` (`id`, `name`, `title`, `value`, `options`, `group`, `sub_group`, `type`, `remark`, `create_time`, `update_time`, `sort`, `status`) VALUES
(1, 'toggle_web_site', '站点开关', '1', '0:关闭\r\n1:开启', 1, 0, 'select', '站点关闭后将提示网站已关闭，不能正常访问', 1378898976, 1519825876, 1, 1),
(2, 'web_site_title', '网站标题', 'EacooPHP', '', 6, 0, 'text', '网站标题前台显示标题', 1378898976, 1507036190, 2, 1),
(4, 'web_site_logo', '网站LOGO', '4', '', 6, 0, 'picture', '网站LOGO', 1407003397, 1507036190, 4, 1),
(5, 'web_site_description', 'SEO描述', 'EacooPHP框架基于统一核心的通用互联网+信息化服务解决方案，追求简单、高效、卓越。可轻松实现支持多终端的WEB产品快速搭建、部署、上线。系统功能采用模块化、组件化、插件化等开放化低耦合设计，应用商城拥有丰富的功能模块、插件、主题，便于用户灵活扩展和二次开发。', '', 6, 1, 'textarea', '网站搜索引擎描述', 1378898976, 1506257875, 6, 1),
(6, 'web_site_keyword', 'SEO关键字', '开源框架 EacooPHP ThinkPHP', '', 6, 1, 'textarea', '网站搜索引擎关键字', 1378898976, 1506257874, 4, 1),
(7, 'web_site_copyright', '版权信息', 'Copyright © ******有限公司 All rights reserved.', '', 1, 0, 'text', '设置在网站底部显示的版权信息', 1406991855, 1468493911, 7, 1),
(8, 'web_site_icp', '网站备案号', '豫ICP备14003306号', '', 6, 0, 'text', '设置在网站底部显示的备案号，如“苏ICP备1502009-2号"', 1378900335, 1507036190, 8, 1),
(9, 'web_site_statistics', '站点统计', '', '', 1, 0, 'textarea', '支持百度、Google、cnzz等所有Javascript的统计代码', 1378900335, 1415983236, 9, 1),
(10, 'index_url', '首页地址', 'http://www.eacoo123.com', '', 2, 0, 'text', '可以通过配置此项自定义系统首页的地址，比如：http://www.xxx.com', 1471579753, 1519825834, 0, 1),
(13, 'admin_tags', '后台多标签', '1', '0:关闭\r\n1:开启', 2, 0, 'radio', '', 1453445526, 1519825844, 3, 1),
(14, 'admin_page_size', '后台分页数量', '12', '', 2, 0, 'number', '后台列表分页时每页的记录数', 1434019462, 1518942039, 4, 1),
(15, 'admin_theme', '后台主题', 'default', 'default:默认主题\r\nblue:蓝色理想\r\ngreen:绿色生活', 2, 0, 'select', '后台界面主题', 1436678171, 1506099586, 5, 1),
(16, 'develop_mode', '开发模式', '1', '1:开启\r\n0:关闭', 3, 0, 'select', '开发模式下会显示菜单管理、配置管理、数据字典等开发者工具', 1432393583, 1507724972, 1, 1),
(17, 'app_trace', '是否显示页面Trace', '0', '1:开启\r\n0:关闭', 3, 0, 'select', '是否显示页面Trace信息', 1387165685, 1507724972, 2, 1),
(18, 'auth_key', '系统加密KEY', 'vzxI=vf[=xV)?a^XihbLKx?pYPw$;Mi^R*<mV;yJh$wy(~~E?<.JA&ANdIZ#QhPq', '', 3, 0, 'textarea', '轻易不要修改此项，否则容易造成用户无法登录；如要修改，务必备份原key', 1438647773, 1507724972, 3, 1),
(19, 'only_auth_rule', '权限仅验证规则表', '1', '1:开启\n0:关闭', 4, 0, 'radio', '开启此项，则后台验证授权只验证规则表存在的规则', 1473437355, 1473437355, 0, 1),
(20, 'static_domain', '静态文件独立域名', '', '', 3, 0, 'text', '静态文件独立域名一般用于在用户无感知的情况下平和的将网站图片自动存储到腾讯万象优图、又拍云等第三方服务。', 1438564784, 1438564784, 3, 1),
(21, 'config_group_list', '配置分组', '1:基本\r\n2:系统\r\n3:开发\r\n4:安全\r\n5:数据库\r\n6:网站设置\r\n7:用户\r\n8:邮箱\r\n9:高级', '', 3, 0, 'array', '配置分组的键值对不要轻易改变', 1379228036, 1518783085, 5, 1),
(25, 'form_item_type', '表单项目类型', 'hidden:隐藏\r\nonlyreadly:仅读文本\r\nnumber:数字\r\ntext:单行文本\r\ntextarea:多行文本\r\narray:数组\r\npassword:密码\r\nradio:单选框\r\ncheckbox:复选框\r\nselect:下拉框\r\nicon:字体图标\r\ndate:日期\r\ndatetime:时间\r\npicture:单张图片\r\npictures:多张图片\r\nfile:单个文件\r\nfiles:多个文件\r\nwangeditor:wangEditor编辑器\r\nueditor:百度富文本编辑器\r\neditormd:Markdown编辑器\r\ntags:标签\r\njson:JSON\r\nboard:拖', '', 3, 0, 'array', '专为配置管理设定\r\n', 1464533806, 1500174666, 0, 1),
(26, 'term_taxonomy', '分类法', 'post_category:分类目录\r\npost_tag:标签\r\nmedia_cat:多媒体分类', '', 3, 0, 'array', '', 1465267993, 1468421717, 0, 1),
(27, 'data_backup_path', '数据库备份根路径', '../data/backup', '', 5, 0, 'text', '', 1465478225, 1506099586, 0, 1),
(28, 'data_backup_part_size', '数据库备份卷大小', '20971520', '', 5, 0, 'number', '', 1465478348, 1506099586, 0, 1),
(29, 'data_backup_compress_level', '数据库备份文件压缩级别', '4', '1:普通\r\n4:一般\r\n9:最高', 5, 0, 'radio', '', 1465478496, 1506099586, 0, 1),
(30, 'data_backup_compress', '数据库备份文件压缩', '1', '0:不压缩\r\n1:启用压缩', 5, 0, 'radio', '', 1465478578, 1506099586, 0, 1),
(31, 'hooks_type', '钩子的类型', '1:视图\r\n2:控制器', '', 3, 0, 'array', '', 1465478697, 1465478697, 0, 1),
(33, 'action_type', '行为类型', '1:系统\r\n2:用户', '1:系统\r\n2:用户', 7, 0, 'array', '配置说明', 1466953086, 1466953086, 0, 1),
(34, 'website_group', '网站信息子分组', '0:基本信息\r\n1:SEO设置\r\n3:其它', '', 6, 0, 'array', '作为网站信息配置的子分组配置，每个大分组可设置子分组作为tab切换', 1467516762, 1518785115, 20, 1),
(36, 'mail_reg_active_template', '注册激活邮件模板', '{"active":"0","subject":"\\u6ce8\\u518c\\u6fc0\\u6d3b\\u901a\\u77e5"}', '', 8, 0, 'json', 'JSON格式保存除了模板内容的属性', 1467519451, 1467519451, 0, 1),
(37, 'mail_captcha_template', '验证码邮件模板', '{"active":"0","subject":"\\u90ae\\u7bb1\\u9a8c\\u8bc1\\u7801\\u901a\\u77e5"}', '', 8, 0, 'json', 'JSON格式保存除了模板内容的属性', 1467519582, 1467818456, 0, 1),
(38, 'mail_reg_active_template_content', '注册激活邮件模板内容', '<p><span style="font-family: 微软雅黑; font-size: 14px;"></span><span style="font-family: 微软雅黑; font-size: 14px;">您在{$title}的激活链接为</span><a href="{$url}" target="_blank" style="font-family: 微软雅黑; font-size: 14px; white-space: normal;">激活</a><span style="font-family: 微软雅黑; font-size: 14px;">，或者请复制链接：{$url}到浏览器打开。</span></p>', '', 8, 0, 'textarea', '注册激活模板邮件内容部分，模板内容单独存放', 1467818340, 1467818340, 0, 1),
(39, 'mail_captcha_template_content', '验证码邮件模板内容', '<p><span style="font-family: 微软雅黑; font-size: 14px;">您的验证码为{$verify}验证码，账号为{$account}。</span></p>', '', 8, 0, 'textarea', '验证码邮件模板内容部分', 1467818435, 1467818435, 0, 1),
(40, 'attachment_options', '附件配置选项', '{"driver":"local","file_max_size":"2097152","file_exts":"doc,docx,xls,xlsx,ppt,pptx,pdf,wps,txt,zip,rar,gz,bz2,7z","file_save_name":"uniqid","image_max_size":"2097152","image_exts":"gif,jpg,jpeg,bmp,png","image_save_name":"uniqid","page_number":"24","widget_show_type":"0","cut":"1","small_size":{"width":"150","height":"150"},"medium_size":{"width":"320","height":"280"},"large_size":{"width":"560","height":"430"},"watermark_scene":"2","watermark_type":"1","water_position":"9","water_img":"\\/logo.png","water_opacity":"80"}', '', 9, 0, 'json', '以JSON格式保存', 1467858734, 1519804860, 0, 1),
(42, 'user_deny_username', '保留用户名和昵称', '管理员,测试,admin,垃圾', '', 7, 0, 'textarea', '禁止注册用户名和昵称，包含这些即无法注册,用&quot; , &quot;号隔开，用户只能是英文，下划线_，数字等', 1468493201, 1468493201, 0, 1),
(43, 'captcha_open', '验证码配置', 'reg,login,reset', 'reg:注册显示\r\nlogin:登陆显示\r\nreset:密码重置', 4, 0, 'checkbox', '验证码开启配置', 1468494419, 1506099586, 0, 1),
(44, 'captcha_type', '验证码类型', '4', '1:中文\r\n2:英文\r\n3:数字\r\n4:英文+数字', 4, 0, 'select', '验证码类型', 1468494591, 1506099586, 0, 1),
(45, 'web_site_subtitle', '网站副标题', '基于ThinkPHP5的开发框架', '', 6, 0, 'textarea', '用简洁的文字描述本站点（网站口号、宣传标语、一句话介绍）', 1468593713, 1507036190, 2, 1),
(46, 'cache', '缓存配置', '{"type":"File","path":"\\/Library\\/WebServer\\/Documents\\/EacooPHP\\/runtime\\/cache\\/","prefix":"","expire":"0"}', '', 9, 0, 'json', '以JSON格式保存', 1518696015, 1518696015, 0, 1),
(47, 'session', 'Session配置', '{"type":"","prefix":"eacoophp_","auto_start":"1"}', '', 9, 0, 'json', '以JSON格式保存', 1518696015, 1518696015, 99, 1),
(48, 'cookie', 'Cookie配置', '{"path":"\\/","prefix":"eacoophp_","expire":"0","domain":"","secure":"0","httponly":"","setcookie":"1"}', '', 9, 0, 'json', '以JSON格式保存', 1518696015, 1518696015, 99, 1),
(49, 'reg_default_roleid', '注册默认角色', '4', '', 7, 0, 'select', '', 1471681620, 1471689765, 0, 1),
(50, 'open_register', '开放注册', '0', '1:是\r\n0:否', 7, 0, 'radio', '', 1471681674, 1471681674, 0, 1),
(56, 'meanwhile_user_online', '允许同时登录', '1', '1:是\r\n0:否', 7, 0, 'radio', '是否允许同一帐号在不同地方同时登录', 1473437355, 1473437355, 0, 1),
(57, 'admin_collect_menus', '后台收藏菜单', '{"\\/admin.php\\/admin\\/attachment\\/setting.html":{"title":"\\u591a\\u5a92\\u4f53\\u8bbe\\u7f6e"},"\\/admin.php\\/admin\\/auth\\/index.html":{"title":"\\u89c4\\u5219\\u7ba1\\u7406"},"\\/admin.php\\/admin\\/modules\\/index.html":{"title":"\\u6a21\\u5757\\u5e02\\u573a"},"\\/admin.php\\/admin\\/dashboard\\/index.html":{"title":"\\u4eea\\u8868\\u76d8"}}', '', 2, 0, 'json', '在后台顶部菜单栏展示，可以方便快速菜单入口', 1518629152, 1518629152, 99, 1),
(58, 'minify_status', '开启minify', '1', '1:开启\r\n0:关闭', 2, 0, 'radio', '开启minify会压缩合并js、css文件，可以减少资源请求次数，如果不支持minify，可关闭', 1518716395, 1518716395, 99, 1),
(59, 'admin_allow_login_many', '同账号多人登录后台', '0', '0:不允许\r\n1:允许', 4, 0, 'radio', '允许多个人使用同一个账号登录后台。默认：不允许', 1519785747, 1519785747, 99, 1),
(60, 'admin_allow_ip', '仅限登录后台IP', '', '', 4, 0, 'textarea', '填写IP地址，多个IP用英文逗号隔开。默认为空，允许所有IP', 1519828685, 1519828685, 99, 1);

-- --------------------------------------------------------

--
-- 表的结构 `eacoo_hooks`
--

CREATE TABLE `eacoo_hooks` (
  `id` int(10) UNSIGNED NOT NULL COMMENT '钩子ID',
  `name` varchar(32) NOT NULL DEFAULT '' COMMENT '钩子名称',
  `description` varchar(300) NOT NULL DEFAULT '' COMMENT '描述',
  `type` tinyint(4) UNSIGNED NOT NULL DEFAULT '1' COMMENT '类型。1视图，2控制器',
  `create_time` int(11) UNSIGNED NOT NULL DEFAULT '0' COMMENT '创建时间',
  `update_time` int(11) UNSIGNED NOT NULL DEFAULT '0' COMMENT '更新时间',
  `status` tinyint(1) NOT NULL DEFAULT '1' COMMENT '状态。1启用，0禁用'
) ENGINE=InnoDB DEFAULT CHARSET=utf8 COMMENT='钩子表';

--
-- 转存表中的数据 `eacoo_hooks`
--

INSERT INTO `eacoo_hooks` (`id`, `name`, `description`, `type`, `create_time`, `update_time`, `status`) VALUES
(1, 'AdminIndex', '后台首页小工具', 1, 1518696015, 1518696015, 1),
(2, 'FormBuilderExtend', 'FormBuilder类型扩展Builder', 1, 1518696015, 1518696015, 1),
(3, 'UploadFile', '上传文件钩子', 1, 1518696015, 1518696015, 1),
(4, 'PageHeader', '页面header钩子，一般用于加载插件CSS文件和代码', 1, 1518696015, 1518696015, 1),
(5, 'PageFooter', '页面footer钩子，一般用于加载插件CSS文件和代码', 1, 1518696015, 1518696015, 1),
(6, 'ThirdLogin', '第三方账号登陆', 1, 1518696015, 1518696015, 1),
(7, 'SendMessage', '发送消息钩子，用于消息发送途径的扩展', 2, 1518696015, 1518696015, 1),
(8, 'sms', '短信插件钩子', 2, 1518696015, 1518696015, 1),
(10, 'ImageGallery', '图片轮播钩子', 1, 1518696015, 1518696015, 1),
(11, 'JChinaCity', '每个系统都需要的一个中国省市区三级联动插件。', 1, 1518696015, 1518696015, 1),
(13, 'editor', '内容编辑器钩子', 1, 1518696015, 1518696015, 1),
(14, 'adminEditor', '后台内容编辑页编辑器', 1, 1518696015, 1518696015, 1),
(15, 'ThirdLogin', '集成第三方授权登录，包括微博、QQ、微信、码云', 1, 1518696015, 1518696015, 1),
(16, 'comment', '实现本地评论功能，支持评论点赞', 1, 1520776468, 1520776468, 1),
(17, 'uploadPicture', '实现阿里云OSS对象存储，管理附件', 1, 1523030193, 1523030193, 1),
(18, 'PictureboxList', '图集盒子插件，主要用作于发布美图、写真、产品图。格子模式、瀑布流模式，多种展示模式。', 1, 1523100518, 1523100518, 1);

-- --------------------------------------------------------

--
-- 表的结构 `eacoo_hooks_extra`
--

CREATE TABLE `eacoo_hooks_extra` (
  `id` int(11) UNSIGNED NOT NULL,
  `hook_id` int(10) UNSIGNED NOT NULL DEFAULT '0' COMMENT '钩子ID',
  `depend_type` tinyint(1) UNSIGNED NOT NULL DEFAULT '0' COMMENT '应用类型。1module，2plugin，3theme',
  `depend_flag` varchar(30) NOT NULL DEFAULT '' COMMENT '应用标记。如：模块或插件标识',
  `sort` smallint(6) UNSIGNED NOT NULL DEFAULT '99' COMMENT '排序，值越小越靠前',
  `create_time` int(10) UNSIGNED NOT NULL DEFAULT '0' COMMENT '创建时间',
  `update_time` int(10) UNSIGNED NOT NULL DEFAULT '0' COMMENT '更新时间',
  `status` tinyint(1) NOT NULL DEFAULT '1' COMMENT '状态。0禁用，1正常'
) ENGINE=InnoDB DEFAULT CHARSET=utf8 COMMENT='钩子应用依赖表';

-- --------------------------------------------------------

--
-- 表的结构 `eacoo_links`
--

CREATE TABLE `eacoo_links` (
  `id` int(11) UNSIGNED NOT NULL COMMENT 'ID',
  `title` varchar(255) NOT NULL DEFAULT '' COMMENT '标题',
  `image` int(11) UNSIGNED NOT NULL DEFAULT '0' COMMENT '图标',
  `url` varchar(150) NOT NULL DEFAULT '' COMMENT '链接',
  `target` varchar(25) NOT NULL DEFAULT '_blank' COMMENT '打开方式',
  `type` tinyint(3) UNSIGNED NOT NULL DEFAULT '0' COMMENT '类型',
  `rating` int(11) UNSIGNED NOT NULL COMMENT '评级',
  `create_time` int(11) UNSIGNED NOT NULL DEFAULT '0' COMMENT '创建时间',
  `update_time` int(11) UNSIGNED NOT NULL DEFAULT '0' COMMENT '修改时间',
  `sort` tinyint(3) UNSIGNED NOT NULL DEFAULT '99' COMMENT '排序',
  `status` tinyint(1) NOT NULL DEFAULT '1' COMMENT '状态，1启用，0禁用'
) ENGINE=InnoDB DEFAULT CHARSET=utf8 COMMENT='友情链接表';

--
-- 转存表中的数据 `eacoo_links`
--

INSERT INTO `eacoo_links` (`id`, `title`, `image`, `url`, `target`, `type`, `rating`, `create_time`, `update_time`, `sort`, `status`) VALUES
(1, '百度', 96, 'http://www.baidu.com', '_blank', 2, 8, 1467863440, 1506825187, 2, 1),
(2, '淘宝', 89, 'http://www.taobao.com', '_blank', 1, 9, 1465053539, 1506825148, 1, 1);

-- --------------------------------------------------------

--
-- 表的结构 `eacoo_modules`
--

CREATE TABLE `eacoo_modules` (
  `id` int(11) UNSIGNED NOT NULL COMMENT 'ID',
  `name` varchar(31) NOT NULL DEFAULT '' COMMENT '名称',
  `title` varchar(63) NOT NULL DEFAULT '' COMMENT '标题',
  `description` varchar(127) NOT NULL DEFAULT '' COMMENT '描述',
  `author` varchar(31) NOT NULL DEFAULT '' COMMENT '开发者',
  `version` varchar(7) NOT NULL DEFAULT '' COMMENT '版本',
  `config` text NOT NULL COMMENT '配置',
  `is_system` tinyint(1) UNSIGNED NOT NULL DEFAULT '0' COMMENT '是否允许卸载',
  `url` varchar(120) DEFAULT NULL COMMENT '站点',
  `admin_manage_into` varchar(60) DEFAULT '' COMMENT '后台管理入口',
  `create_time` int(11) UNSIGNED NOT NULL DEFAULT '0' COMMENT '创建时间',
  `update_time` int(11) UNSIGNED NOT NULL DEFAULT '0' COMMENT '更新时间',
  `sort` tinyint(3) UNSIGNED NOT NULL DEFAULT '99' COMMENT '排序',
  `status` tinyint(1) NOT NULL DEFAULT '1' COMMENT '状态。0禁用，1启用'
) ENGINE=InnoDB DEFAULT CHARSET=utf8 COMMENT='模块功能表';

--
-- 转存表中的数据 `eacoo_modules`
--

INSERT INTO `eacoo_modules` (`id`, `name`, `title`, `description`, `author`, `version`, `config`, `is_system`, `url`, `admin_manage_into`, `create_time`, `update_time`, `sort`, `status`) VALUES
(1, 'user', '用户中心', '用户模块，系统核心模块，不可卸载', '心云间、凝听', '1.0.2', '', 1, 'http://www.eacoo123.com', '', 1520095970, 1520095970, 99, 1),
(2, 'home', '前台Home', '一款基础前台Home模块', '心云间、凝听', '1.0.0', '', 1, NULL, '', 1520095970, 1520095970, 99, 1);

-- --------------------------------------------------------

--
-- 表的结构 `eacoo_nav`
--

CREATE TABLE `eacoo_nav` (
  `id` smallint(6) UNSIGNED NOT NULL,
  `title` varchar(60) NOT NULL DEFAULT '' COMMENT '标题',
  `value` varchar(120) DEFAULT '' COMMENT 'url地址',
  `pid` smallint(6) UNSIGNED NOT NULL DEFAULT '0' COMMENT '父级',
  `position` varchar(20) NOT NULL DEFAULT '' COMMENT '位置。头部：header，我的：my',
  `target` varchar(15) DEFAULT '_self' COMMENT '打开方式。',
  `depend_type` tinyint(1) UNSIGNED NOT NULL DEFAULT '0' COMMENT '来源类型。0普通外链http，1模块扩展，2插件扩展，3主题扩展',
  `depend_flag` varchar(30) NOT NULL DEFAULT '' COMMENT '来源标记。如：模块或插件标识',
  `icon` varchar(120) NOT NULL DEFAULT '' COMMENT '图标',
  `sort` tinyint(3) UNSIGNED NOT NULL DEFAULT '99' COMMENT '排序',
  `update_time` int(10) UNSIGNED NOT NULL COMMENT '更新时间',
  `create_time` int(10) UNSIGNED NOT NULL COMMENT '创建时间',
  `status` tinyint(1) UNSIGNED NOT NULL DEFAULT '1' COMMENT '状态。0禁用，1启用'
) ENGINE=InnoDB DEFAULT CHARSET=utf8 COMMENT='前台导航';

--
-- 转存表中的数据 `eacoo_nav`
--

INSERT INTO `eacoo_nav` (`id`, `title`, `value`, `pid`, `position`, `target`, `depend_type`, `depend_flag`, `icon`, `sort`, `update_time`, `create_time`, `status`) VALUES
(1, '主页', '/', 0, 'header', '_self', 1, 'home', 'fa fa-home', 10, 1517978360, 1516206948, 1),
(2, '会员', 'user/index/index', 0, 'header', '_self', 1, 'user', '', 99, 1516245690, 1516245690, 1),
(3, '下载', 'https://gitee.com/ZhaoJunfeng/EacooPHP/attach_files', 0, 'header', '_blank', 0, '', '', 99, 1516245884, 1516245884, 1),
(4, '社区', 'http://forum.eacoo123.com', 0, 'header', '_blank', 0, '', '', 99, 1516246000, 1516246000, 1),
(5, '文档', 'https://www.kancloud.cn/youpzt/eacoo', 0, 'header', '_blank', 0, '', '', 99, 1516249947, 1516249947, 1);

-- --------------------------------------------------------

--
-- 表的结构 `eacoo_plugins`
--

CREATE TABLE `eacoo_plugins` (
  `id` int(11) UNSIGNED NOT NULL COMMENT '主键',
  `name` varchar(32) NOT NULL DEFAULT '' COMMENT '插件名或标识',
  `title` varchar(32) NOT NULL DEFAULT '' COMMENT '中文名',
  `description` text NOT NULL COMMENT '插件描述',
  `config` text COMMENT '配置',
  `author` varchar(32) NOT NULL DEFAULT '' COMMENT '作者',
  `version` varchar(8) NOT NULL DEFAULT '' COMMENT '版本号',
  `admin_manage_into` varchar(60) DEFAULT '0' COMMENT '后台管理入口',
  `type` tinyint(1) UNSIGNED NOT NULL DEFAULT '1' COMMENT '插件类型',
  `create_time` int(10) UNSIGNED NOT NULL DEFAULT '0' COMMENT '安装时间',
  `update_time` int(10) UNSIGNED NOT NULL DEFAULT '0' COMMENT '修改时间',
  `sort` tinyint(3) UNSIGNED NOT NULL DEFAULT '99' COMMENT '排序',
  `status` tinyint(1) NOT NULL DEFAULT '1' COMMENT '状态'
) ENGINE=InnoDB DEFAULT CHARSET=utf8 COMMENT='插件表';

-- --------------------------------------------------------

--
-- 表的结构 `eacoo_rewrite`
--

CREATE TABLE `eacoo_rewrite` (
  `id` int(10) UNSIGNED NOT NULL COMMENT '主键id自增',
  `rule` varchar(255) NOT NULL DEFAULT '' COMMENT '规则',
  `url` varchar(255) NOT NULL DEFAULT '' COMMENT 'url',
  `create_time` int(10) UNSIGNED NOT NULL DEFAULT '0' COMMENT '创建时间',
  `update_time` int(10) UNSIGNED NOT NULL DEFAULT '0' COMMENT '更新时间',
  `status` tinyint(1) UNSIGNED NOT NULL DEFAULT '1' COMMENT '状态：0禁用，1启用'
) ENGINE=InnoDB DEFAULT CHARSET=utf8 COMMENT='伪静态表';

-- --------------------------------------------------------

--
-- 表的结构 `eacoo_terms`
--

CREATE TABLE `eacoo_terms` (
  `term_id` int(10) UNSIGNED NOT NULL COMMENT '主键',
  `name` varchar(100) NOT NULL COMMENT '分类名称',
  `slug` varchar(100) DEFAULT '' COMMENT '分类别名',
  `taxonomy` varchar(32) DEFAULT '' COMMENT '分类类型',
  `pid` int(10) UNSIGNED DEFAULT '0' COMMENT '上级ID',
  `seo_title` varchar(128) DEFAULT '' COMMENT 'seo标题',
  `seo_keywords` varchar(255) DEFAULT '' COMMENT 'seo 关键词',
  `seo_description` varchar(255) DEFAULT '' COMMENT 'seo描述',
  `create_time` int(10) UNSIGNED NOT NULL DEFAULT '0' COMMENT '创建时间',
  `update_time` int(10) UNSIGNED NOT NULL DEFAULT '0' COMMENT '更新时间',
  `sort` int(10) UNSIGNED DEFAULT '99' COMMENT '排序号',
  `status` tinyint(1) DEFAULT '1' COMMENT '状态，1发布，0不发布'
) ENGINE=InnoDB DEFAULT CHARSET=utf8 COMMENT='分类';

--
-- 转存表中的数据 `eacoo_terms`
--

INSERT INTO `eacoo_terms` (`term_id`, `name`, `slug`, `taxonomy`, `pid`, `seo_title`, `seo_keywords`, `seo_description`, `create_time`, `update_time`, `sort`, `status`) VALUES
(1, '未分类', 'nocat', 'post_category', 0, '未分类', '', '自定义分类描述', 0, 1516432626, 99, 1),
(4, '大数据', 'tag_dashuju', 'post_tag', 0, '大数据', '', '这是标签描述', 0, 1466612845, 99, 1),
(5, '技术类', 'technology', 'post_category', 0, '技术类', '关键词', '自定义分类描述', 1465570866, 1516430690, 99, 1),
(6, '大数据', 'cat_dashuju', 'post_category', 0, '大数据', '大数据', '这是描述内容', 1465576314, 1466607965, 99, 1),
(7, '运营', 'yunying', 'post_tag', 0, '运营', '关键字', '自定义标签描述', 1466612937, 1516432746, 99, 1),
(9, '人物', 'renwu', 'media_cat', 0, '人物', '', '聚集多为人物显示的分类', 1466613381, 1466613381, 99, 1),
(10, '美食', 'meishi', 'media_cat', 0, '美食', '', '', 1466613499, 1466613499, 99, 1),
(11, '图标素材', 'icons', 'media_cat', 0, '图标素材', '', '', 1466613803, 1522951971, 99, 1),
(12, '风景', 'fengjin', 'media_cat', 0, '风景', '风景', '', 1466614026, 1506557501, 99, 1),
(13, '其它', 'others', 'media_cat', 0, '其它', '', '', 1467689719, 1519814576, 99, 1);

-- --------------------------------------------------------

--
-- 表的结构 `eacoo_term_relationships`
--

CREATE TABLE `eacoo_term_relationships` (
  `id` bigint(20) NOT NULL,
  `object_id` bigint(20) UNSIGNED NOT NULL DEFAULT '0' COMMENT 'posts表里文章id',
  `term_id` bigint(20) UNSIGNED NOT NULL DEFAULT '0' COMMENT '分类id',
  `table` varchar(60) NOT NULL COMMENT '数据表',
  `uid` int(11) UNSIGNED DEFAULT '0' COMMENT '分类与用户关系',
  `sort` int(10) UNSIGNED NOT NULL DEFAULT '99' COMMENT '排序',
  `status` tinyint(1) UNSIGNED NOT NULL DEFAULT '1' COMMENT '状态，1发布，0不发布'
) ENGINE=InnoDB DEFAULT CHARSET=utf8 COMMENT='对象分类对应表';

--
-- 转存表中的数据 `eacoo_term_relationships`
--

INSERT INTO `eacoo_term_relationships` (`id`, `object_id`, `term_id`, `table`, `uid`, `sort`, `status`) VALUES
(1, 95, 9, 'attachment', 0, 99, 1),
(2, 94, 13, 'attachment', 0, 99, 1),
(3, 116, 12, 'attachment', 0, 99, 1),
(4, 92, 12, 'attachment', 0, 99, 1),
(5, 70, 12, 'attachment', 0, 9, 1),
(6, 93, 11, 'attachment', 0, 99, 1),
(7, 96, 12, 'attachment', 0, 99, 1);

-- --------------------------------------------------------

--
-- 表的结构 `eacoo_themes`
--

CREATE TABLE `eacoo_themes` (
  `id` int(11) UNSIGNED NOT NULL COMMENT 'ID',
  `name` varchar(32) NOT NULL DEFAULT '' COMMENT '名称',
  `title` varchar(64) NOT NULL DEFAULT '' COMMENT '标题',
  `description` varchar(127) NOT NULL DEFAULT '' COMMENT '描述',
  `author` varchar(32) NOT NULL DEFAULT '' COMMENT '开发者',
  `version` varchar(8) NOT NULL DEFAULT '' COMMENT '版本',
  `config` text COMMENT '主题配置',
  `current` tinyint(1) UNSIGNED NOT NULL DEFAULT '0' COMMENT '当前主题类型，1PC端，2手机端。默认0',
  `website` varchar(120) DEFAULT '' COMMENT '站点',
  `sort` tinyint(4) UNSIGNED NOT NULL DEFAULT '99' COMMENT '排序',
  `create_time` int(10) UNSIGNED NOT NULL DEFAULT '0' COMMENT '创建时间',
  `update_time` int(10) UNSIGNED NOT NULL DEFAULT '0' COMMENT '更新时间',
  `status` tinyint(3) NOT NULL DEFAULT '1' COMMENT '状态'
) ENGINE=InnoDB DEFAULT CHARSET=utf8 COMMENT='前台主题表';

--
-- 转存表中的数据 `eacoo_themes`
--

INSERT INTO `eacoo_themes` (`id`, `name`, `title`, `description`, `author`, `version`, `config`, `current`, `website`, `sort`, `create_time`, `update_time`, `status`) VALUES
(1, 'default', '默认主题', '内置于系统中，是其它主题的基础主题', '心云间、凝听', '1.0.2', '', 1, 'http://www.eacoo123.com', 99, 1475899420, 1520090170, 1),
(2, 'default-mobile', '默认主题-手机端', '内置于系统中，是系统的默认主题。手机端', '心云间、凝听', '1.0.1', '', 2, '', 99, 1520089999, 1520092270, 1);

-- --------------------------------------------------------

--
-- 表的结构 `eacoo_users`
--

CREATE TABLE `eacoo_users` (
  `uid` int(11) UNSIGNED NOT NULL,
  `username` varchar(32) NOT NULL DEFAULT '' COMMENT '用户名',
  `number` char(10) DEFAULT '' COMMENT '会员编号',
  `password` char(32) NOT NULL DEFAULT '' COMMENT '登录密码',
  `nickname` varchar(60) NOT NULL DEFAULT '' COMMENT '用户昵称',
  `email` varchar(100) NOT NULL DEFAULT '' COMMENT '登录邮箱',
  `mobile` varchar(20) DEFAULT '' COMMENT '手机号',
  `avatar` varchar(150) DEFAULT '' COMMENT '用户头像，相对于uploads/avatar目录',
  `sex` smallint(1) UNSIGNED DEFAULT '0' COMMENT '性别；0：保密，1：男；2：女',
  `birthday` date DEFAULT '1000-01-02' COMMENT '生日',
  `school` varchar(20)  comment '院系', -- 新增， 为适用石家庄铁道大学 王中玉 2018.5.5
  `pro_title` varchar(10)  comment '职称', -- 新增，
  `duty` varchar(10)  comment '职务', -- 新增，
  `last_active` int(10) comment '最后活动时间', -- 新增，
  `logout` tinyint DEFAULT 0 comment '是否已经登出', -- 新增，
  `description` varchar(200) DEFAULT '' COMMENT '个人描述',
  `register_ip` varchar(16) DEFAULT '' COMMENT '注册IP',
  `login_num` tinyint(1) UNSIGNED DEFAULT '0' COMMENT '登录次数',
  `last_login_ip` varchar(16) DEFAULT '' COMMENT '最后登录ip',
  `last_login_time` int(10) UNSIGNED NOT NULL DEFAULT '0' COMMENT '最后登录时间',
  `activation_auth_sign` varchar(60) DEFAULT '' COMMENT '激活码',
  `url` varchar(100) DEFAULT '' COMMENT '用户个人网站',
  `score` int(11) UNSIGNED NOT NULL DEFAULT '0' COMMENT '用户积分',
  `money` decimal(10,2) UNSIGNED NOT NULL DEFAULT '0.00' COMMENT '金额',
  `freeze_money` decimal(10,2) UNSIGNED NOT NULL DEFAULT '0.00' COMMENT '冻结金额，和金币相同换算',
  `pay_pwd` char(32) DEFAULT '' COMMENT '支付密码',
  `reg_from` tinyint(1) UNSIGNED NOT NULL DEFAULT '0' COMMENT '注册来源。1PC端，2WAP端，3微信端，4APP端，5后台添加',
  `reg_method` varchar(30) NOT NULL DEFAULT '' COMMENT '注册方式。wechat,sina,等',
  `level` tinyint(3) UNSIGNED NOT NULL DEFAULT '0' COMMENT '等级',
  `p_uid` int(11) UNSIGNED NOT NULL DEFAULT '0' COMMENT '推荐人会员ID',
  `allow_admin` tinyint(1) UNSIGNED NOT NULL DEFAULT '0' COMMENT '允许后台。0不允许，1允许',
  `reg_time` int(10) UNSIGNED NOT NULL DEFAULT '0' COMMENT '注册时间',
  `status` tinyint(1) UNSIGNED NOT NULL DEFAULT '2' COMMENT '用户状态 0：禁用； 1：正常 ；2：待验证'
) ENGINE=InnoDB DEFAULT CHARSET=utf8 COMMENT='用户表';

--
-- 转存表中的数据 `eacoo_users`
--

INSERT INTO `eacoo_users` (`uid`, `username`, `number`, `password`, `nickname`, `email`, `mobile`, `avatar`, `sex`, `birthday`, `description`, `register_ip`, `login_num`, `last_login_ip`, `last_login_time`, `activation_auth_sign`, `url`, `score`, `money`, `freeze_money`, `pay_pwd`, `reg_from`, `reg_method`, `level`, `p_uid`, `allow_admin`, `reg_time`, `status`) VALUES
(3, 'U1471610993', '9948511005', '031c9ffc4b280d3e78c750163d07d275', '陈婧', '', '', '/static/assets/img/avatar-woman.png', 2, NULL, '', NULL, 0, NULL, 1473755335, 'a525c9259ff2e51af1b6e629dd47766f99f26c69', NULL, 0, '2.00', '0.00', '', 0, '', 0, 0, 0, 1518696015, 1),
(4, 'U1472438063', '9752985498', '031c9ffc4b280d3e78c750163d07d275', '妍冰', '', '', '/static/assets/img/avatar-woman.png', 2, NULL, '承接大型商业演出和传统文化学习班', NULL, 0, NULL, 1472438634, 'ed587cf103c3f100be20f7b8fdc7b5a8e2fda264', NULL, 0, '0.00', '0.00', '', 0, '', 0, 0, 0, 1518696015, 1),
(5, 'U1472522409', '9849571025', '031c9ffc4b280d3e78c750163d07d275', '久柳', '', '', '/static/assets/img/avatar-man.png', 1, NULL, '', NULL, 0, NULL, 1472522621, '5e542dc0c77b3749f2270cb3ec1d91acc895edc8', NULL, 0, '0.00', '0.00', '', 0, '', 0, 0, 0, 1518696015, 0),
(6, 'U1472739566', '5051101100', '031c9ffc4b280d3e78c750163d07d275', 'Ray', '', '', '/uploads/avatar/6/5a8ada8f72ac0.jpg', 1, NULL, '', NULL, 0, NULL, 1472739567, '6321b4d8ecb1ce1049eab2be70c44335856c840d', NULL, 0, '0.00', '0.00', '', 0, '', 0, 0, 1, 1518696015, 1),
(8, 'U1472877421', '5497481009', '031c9ffc4b280d3e78c750163d07d275', '印文博律师', '', '', '/static/assets/img/avatar-man.png', 1, NULL, '', NULL, 0, NULL, 1473494692, 'e99521af40a282e84718f759ab6b1b4a989d8eb1', NULL, 0, '0.00', '0.00', '', 0, '', 0, 0, 0, 1518696015, 1),
(9, 'U1472966655', '1004810149', '031c9ffc4b280d3e78c750163d07d275', '嘉伟', '', '', '/static/assets/img/avatar-man.png', 1, NULL, '', NULL, 0, NULL, 1473397571, 'f1075223be5f53b9c2c1abea8288258545365d96', NULL, 0, '0.00', '0.00', '', 0, '', 0, 0, 0, 1518696015, 1),
(10, 'U1473304718', '9852101101', '031c9ffc4b280d3e78c750163d07d275', '鬼谷学猛虎流', '', '15801182191', '/static/assets/img/avatar-man.png', 1, NULL, '', NULL, 0, NULL, 1473399843, '039fc7a3f9366adf55ee9e707c371a2459c17bd7', NULL, 0, '0.00', '0.00', '', 0, '', 0, 0, 0, 1518696015, 1),
(11, 'U1473391063', '1004810150', '031c9ffc4b280d3e78c750163d07d275', '@Gyb.', '', '', '/uploads/avatar/11/59e32aa3a75a2.jpg', 1, NULL, '', NULL, 0, NULL, 1473391063, '70d80a9f7599c81270a986abaea73e63101b3ecb', NULL, 0, '0.00', '0.00', '', 0, '', 0, 0, 0, 1518696015, 1),
(12, 'U1473396778', '5310148501', '031c9ffc4b280d3e78c750163d07d275', '董超楠', '', '', '/static/assets/img/avatar-woman.png', 2, NULL, '', NULL, 0, NULL, 1473396778, '8bbf5242300e5e8e4917b287a31efcb0c9feedfd', NULL, 0, '0.00', '0.00', '', 0, '', 0, 0, 0, 1518696015, 1),
(14, 'U1473396839', '4853979757', '031c9ffc4b280d3e78c750163d07d275', '求真实者', '', '', '/static/assets/img/default-avatar.png', 0, NULL, '', NULL, 0, NULL, 1473396839, '8f7579a85981e1c1f726704b0865320dfadbef2e', NULL, 0, '0.00', '0.00', '', 0, '', 0, 0, 0, 1518696015, 1),
(15, 'U1473397391', '9810148101', '031c9ffc4b280d3e78c750163d07d275', 'peter', '', '', '/uploads/avatar/15/5a9d1473d4c91.png', 2, NULL, '', NULL, 0, NULL, 1473397391, 'c66d3a0e16a81a13173756a2832ba424b34a095c', NULL, 0, '0.00', '0.00', '', 0, '', 0, 0, 0, 1518696015, 1),
(16, 'U1473397426', '1015057995', '031c9ffc4b280d3e78c750163d07d275', '随风而去的心情', '', '15801182190', '/static/assets/img/avatar-man.png', 1, NULL, '大师傅', NULL, 0, NULL, 1473397426, '14855b00775de46b451c8255e6a73a5c044fc188', NULL, 0, '0.00', '0.00', '', 0, '', 0, 0, 0, 1518696015, 1),
(17, 'U1474181145', '5551564851', '031c9ffc4b280d3e78c750163d07d275', '班鱼先生', '', '', '/static/assets/img/avatar-man.png', 1, NULL, '', NULL, 0, NULL, 1474181146, '86d19a7b1f15db4fd25e0b64bfc17870a70f67e2', NULL, 0, '0.00', '0.00', '', 0, '', 0, 0, 0, 1518696015, 1);

--
-- Indexes for dumped tables
--

--
-- Indexes for table `eacoo_action`
--
ALTER TABLE `eacoo_action`
  ADD PRIMARY KEY (`id`),
  ADD KEY `idx_name` (`name`);

--
-- Indexes for table `eacoo_action_log`
--
ALTER TABLE `eacoo_action_log`
  ADD PRIMARY KEY (`id`),
  ADD KEY `idx_uid` (`uid`);

--
-- Indexes for table `eacoo_attachment`
--
ALTER TABLE `eacoo_attachment`
  ADD PRIMARY KEY (`id`),
  ADD KEY `idx_paty_type` (`path_type`);

--
-- Indexes for table `eacoo_auth_group`
--
ALTER TABLE `eacoo_auth_group`
  ADD PRIMARY KEY (`id`);

--
-- Indexes for table `eacoo_auth_group_access`
--
ALTER TABLE `eacoo_auth_group_access`
  ADD KEY `uid` (`uid`);

--
-- Indexes for table `eacoo_auth_rule`
--
ALTER TABLE `eacoo_auth_rule`
  ADD PRIMARY KEY (`id`),
  ADD UNIQUE KEY `uniq_name` (`name`);

--
-- Indexes for table `eacoo_config`
--
ALTER TABLE `eacoo_config`
  ADD PRIMARY KEY (`id`),
  ADD KEY `idx_name` (`name`);

--
-- Indexes for table `eacoo_hooks`
--
ALTER TABLE `eacoo_hooks`
  ADD PRIMARY KEY (`id`);

--
-- Indexes for table `eacoo_hooks_extra`
--
ALTER TABLE `eacoo_hooks_extra`
  ADD PRIMARY KEY (`id`),
  ADD KEY `idx_hookid_depend` (`hook_id`,`depend_flag`);

--
-- Indexes for table `eacoo_links`
--
ALTER TABLE `eacoo_links`
  ADD PRIMARY KEY (`id`);

--
-- Indexes for table `eacoo_modules`
--
ALTER TABLE `eacoo_modules`
  ADD PRIMARY KEY (`id`);

--
-- Indexes for table `eacoo_nav`
--
ALTER TABLE `eacoo_nav`
  ADD PRIMARY KEY (`id`);

--
-- Indexes for table `eacoo_plugins`
--
ALTER TABLE `eacoo_plugins`
  ADD PRIMARY KEY (`id`),
  ADD UNIQUE KEY `name` (`name`);

--
-- Indexes for table `eacoo_rewrite`
--
ALTER TABLE `eacoo_rewrite`
  ADD PRIMARY KEY (`id`);

--
-- Indexes for table `eacoo_terms`
--
ALTER TABLE `eacoo_terms`
  ADD PRIMARY KEY (`term_id`),
  ADD KEY `idx_taxonomy` (`taxonomy`);

--
-- Indexes for table `eacoo_term_relationships`
--
ALTER TABLE `eacoo_term_relationships`
  ADD PRIMARY KEY (`id`),
  ADD KEY `idx_term_id` (`term_id`),
  ADD KEY `idx_object_id` (`object_id`);

--
-- Indexes for table `eacoo_themes`
--
ALTER TABLE `eacoo_themes`
  ADD PRIMARY KEY (`id`),
  ADD KEY `name` (`name`);

--
-- Indexes for table `eacoo_users`
--
ALTER TABLE `eacoo_users`
  ADD PRIMARY KEY (`uid`),
  ADD UNIQUE KEY `uniq_number` (`number`),
  ADD KEY `idx_username` (`username`),
  ADD KEY `idx_email` (`email`);

--
-- 在导出的表使用AUTO_INCREMENT
--

--
-- 使用表AUTO_INCREMENT `eacoo_action`
--
ALTER TABLE `eacoo_action`
  MODIFY `id` int(11) UNSIGNED NOT NULL AUTO_INCREMENT COMMENT '主键', AUTO_INCREMENT=17;
--
-- 使用表AUTO_INCREMENT `eacoo_action_log`
--
ALTER TABLE `eacoo_action_log`
  MODIFY `id` int(11) UNSIGNED NOT NULL AUTO_INCREMENT COMMENT '主键', AUTO_INCREMENT=16;
--
-- 使用表AUTO_INCREMENT `eacoo_attachment`
--
ALTER TABLE `eacoo_attachment`
  MODIFY `id` int(11) UNSIGNED NOT NULL AUTO_INCREMENT COMMENT 'ID', AUTO_INCREMENT=97;
--
-- 使用表AUTO_INCREMENT `eacoo_auth_group`
--
ALTER TABLE `eacoo_auth_group`
  MODIFY `id` mediumint(8) UNSIGNED NOT NULL AUTO_INCREMENT, AUTO_INCREMENT=5;
--
-- 使用表AUTO_INCREMENT `eacoo_auth_rule`
--
ALTER TABLE `eacoo_auth_rule`
  MODIFY `id` smallint(6) NOT NULL AUTO_INCREMENT, AUTO_INCREMENT=45;
--
-- 使用表AUTO_INCREMENT `eacoo_config`
--
ALTER TABLE `eacoo_config`
  MODIFY `id` int(10) UNSIGNED NOT NULL AUTO_INCREMENT COMMENT '配置ID', AUTO_INCREMENT=61;
--
-- 使用表AUTO_INCREMENT `eacoo_hooks`
--
ALTER TABLE `eacoo_hooks`
  MODIFY `id` int(10) UNSIGNED NOT NULL AUTO_INCREMENT COMMENT '钩子ID', AUTO_INCREMENT=19;
--
-- 使用表AUTO_INCREMENT `eacoo_hooks_extra`
--
ALTER TABLE `eacoo_hooks_extra`
  MODIFY `id` int(11) UNSIGNED NOT NULL AUTO_INCREMENT;
--
-- 使用表AUTO_INCREMENT `eacoo_links`
--
ALTER TABLE `eacoo_links`
  MODIFY `id` int(11) UNSIGNED NOT NULL AUTO_INCREMENT COMMENT 'ID', AUTO_INCREMENT=3;
--
-- 使用表AUTO_INCREMENT `eacoo_modules`
--
ALTER TABLE `eacoo_modules`
  MODIFY `id` int(11) UNSIGNED NOT NULL AUTO_INCREMENT COMMENT 'ID', AUTO_INCREMENT=3;
--
-- 使用表AUTO_INCREMENT `eacoo_nav`
--
ALTER TABLE `eacoo_nav`
  MODIFY `id` smallint(6) UNSIGNED NOT NULL AUTO_INCREMENT, AUTO_INCREMENT=6;
--
-- 使用表AUTO_INCREMENT `eacoo_plugins`
--
ALTER TABLE `eacoo_plugins`
  MODIFY `id` int(11) UNSIGNED NOT NULL AUTO_INCREMENT COMMENT '主键';
--
-- 使用表AUTO_INCREMENT `eacoo_rewrite`
--
ALTER TABLE `eacoo_rewrite`
  MODIFY `id` int(10) UNSIGNED NOT NULL AUTO_INCREMENT COMMENT '主键id自增';
--
-- 使用表AUTO_INCREMENT `eacoo_terms`
--
ALTER TABLE `eacoo_terms`
  MODIFY `term_id` int(10) UNSIGNED NOT NULL AUTO_INCREMENT COMMENT '主键', AUTO_INCREMENT=14;
--
-- 使用表AUTO_INCREMENT `eacoo_term_relationships`
--
ALTER TABLE `eacoo_term_relationships`
  MODIFY `id` bigint(20) NOT NULL AUTO_INCREMENT, AUTO_INCREMENT=8;
--
-- 使用表AUTO_INCREMENT `eacoo_themes`
--
ALTER TABLE `eacoo_themes`
  MODIFY `id` int(11) UNSIGNED NOT NULL AUTO_INCREMENT COMMENT 'ID', AUTO_INCREMENT=3;
--
-- 使用表AUTO_INCREMENT `eacoo_users`
--
ALTER TABLE `eacoo_users`
  MODIFY `uid` int(11) UNSIGNED NOT NULL AUTO_INCREMENT, AUTO_INCREMENT=18;

DROP TABLE IF EXISTS `eacoo_focus`;
CREATE TABLE `eacoo_focus` (
  `id` int(11) NOT NULL AUTO_INCREMENT COMMENT 'ID',
  `uid_a` int(11) NOT NULL COMMENT '关注者（主动方）',
  `uid_b` int(11) DEFAULT NULL COMMENT '被关注者',
  `post_id` int(11) DEFAULT NULL COMMENT '被关注文章id',
  `curr_date` timestamp NULL DEFAULT CURRENT_TIMESTAMP ON UPDATE CURRENT_TIMESTAMP,
  PRIMARY KEY (`id`)
) ENGINE=InnoDB AUTO_INCREMENT=4 DEFAULT CHARSET=utf8;

DROP TABLE IF EXISTS `eacoo_reply`;
CREATE TABLE `eacoo_reply` (
  `id` int(11) NOT NULL AUTO_INCREMENT COMMENT '自增id，主键',
  `uid` int(11) NOT NULL COMMENT '回复用户ID',
  `cid` int(11) NOT NULL COMMENT '所回复的评论ID',
  `content` text NOT NULL COMMENT '回复内容',
  `date` timestamp NOT NULL DEFAULT CURRENT_TIMESTAMP ON UPDATE CURRENT_TIMESTAMP COMMENT '回复时间，不用添加，自动获取',
  PRIMARY KEY (`id`)
) ENGINE=InnoDB AUTO_INCREMENT=6 DEFAULT CHARSET=utf8;

DROP TABLE IF EXISTS `eacoo_comment`;
CREATE TABLE `eacoo_comment` (
  `id` int(11) NOT NULL AUTO_INCREMENT COMMENT 'id 主键 自增',
  `uid` int(11) NOT NULL COMMENT '评论用户ID',
  `aid` int(11) NOT NULL COMMENT '评论文章ID',
  `content` text NOT NULL COMMENT '评论内容',
  `zan` int(11) NOT NULL DEFAULT '0' COMMENT '赞数',
  `cai` int(11) NOT NULL DEFAULT '0' COMMENT '踩数',
  `date` timestamp NOT NULL DEFAULT CURRENT_TIMESTAMP ON UPDATE CURRENT_TIMESTAMP COMMENT '当前时间戳',
  `hotflag` int(1) NOT NULL DEFAULT '0' COMMENT '是否热评',
  PRIMARY KEY (`id`)
) ENGINE=InnoDB AUTO_INCREMENT=8 DEFAULT CHARSET=utf8;
DROP TRIGGER IF EXISTS `hot`;
DELIMITER ;;
CREATE TRIGGER `hot` BEFORE UPDATE ON `eacoo_comment` FOR EACH ROW IF NEW.zan+NEW.cai > 100 THEN
      SET NEW.hotflag = 1;
 ELSEIF NEW.zan < 100 THEN
 SET NEW.hotflag= 0;
 END IF
;;
DELIMITER ;

DROP TABLE IF EXISTS `eacoo_shop`;
CREATE TABLE `eacoo_shop` (
  `id` int(11) NOT NULL AUTO_INCREMENT COMMENT 'id 主键',
  `name` varchar(255) DEFAULT NULL COMMENT '商品名称',
  `intorduce` varchar(255) DEFAULT NULL COMMENT '商品介绍',
  `price` int(11) DEFAULT NULL COMMENT '商品价格',
  `color` varchar(255) DEFAULT NULL COMMENT '颜色',
  `number` int(11) DEFAULT NULL COMMENT '数量',
  `date` date DEFAULT NULL COMMENT '更新日期',
  PRIMARY KEY (`id`)
) ENGINE=InnoDB AUTO_INCREMENT=3 DEFAULT CHARSET=utf8;
DROP TRIGGER IF EXISTS `insert_time`;
DELIMITER ;;
CREATE TRIGGER `insert_time` BEFORE INSERT ON `eacoo_shop` FOR EACH ROW set new.date=current_date
;;
DELIMITER ;
DROP TRIGGER IF EXISTS `update_time`;
DELIMITER ;;
CREATE TRIGGER `update_time` BEFORE UPDATE ON `eacoo_shop` FOR EACH ROW set new.date=current_date
;;
DELIMITER ;
